person,questionCode,timediff,signalLevel,blinkStrength,attention,meditation,lowGamma,highGamma,highAlpha,delta,highBeta,lowAlpha,lowBeta,theta
silvia,7,1.6195002999999986,0,0,51,38,8592,5714,4547,76818,10220,9581,8421,124110
silvia,7,2.6401679999999885,0,0,50,53,1836,1013,2883,156911,2972,5846,4817,27023
silvia,7,4.594426899999988,0,0,57,63,4593,3601,9671,11273,17336,6084,11280,12545
silvia,7,5.611594799999992,0,0,67,84,5238,1325,12741,7521,3880,4878,6933,6453
silvia,7,6.627549299999998,0,0,81,91,1937,535,3562,95246,4316,3124,2257,8381
silvia,7,7.5516039999999975,0,0,77,84,886,231,2317,327436,1931,7430,3779,17241
silvia,7,8.570330799999994,0,0,53,75,1352,746,1660,82696,1604,1474,2672,19157
