person,questionCode,timediff,signalLevel,blinkStrength,attention,meditation,lowGamma,highGamma,highAlpha,delta,highBeta,lowAlpha,lowBeta,theta
silvia,12,1.5971392999999807,0,0,44,84,18665,8667,15695,11279,6837,7428,11999,4771
silvia,12,2.633368599999983,0,0,37,81,1965,346,1785,330239,2465,7195,3944,24257
silvia,12,3.6003053000000023,0,0,11,74,1496,9610,42592,920236,5347,15734,19786,292088
silvia,12,4.585847099999995,0,0,10,84,6265,1382,109459,826607,6279,53365,10740,102488
silvia,12,5.607067299999983,0,0,7,67,6950,1828,20246,1317237,18957,5584,20161,86541
silvia,12,6.637258299999985,0,0,24,67,6531,4188,6140,10880,10440,3130,13718,9945
silvia,12,7.609846199999993,0,0,60,74,14115,1433,10658,8395,21012,4408,12545,12811
silvia,12,8.576275600000002,0,0,96,53,14846,9747,4976,6590,21310,1919,15986,7039
silvia,12,9.61142989999999,0,0,90,54,7355,4386,20472,617553,11306,10982,18540,105874
