person,questionCode,timediff,signalLevel,blinkStrength,attention,meditation,lowGamma,highGamma,highAlpha,delta,highBeta,lowAlpha,lowBeta,theta
silvia,9,1.6502985999999993,0,0,47,81,15284,6835,10070,11196,17378,14729,12657,17775
silvia,9,2.5593517000000077,0,0,56,87,4295,979,4151,331651,6222,5779,5021,18988
silvia,9,3.5989541000000003,0,0,41,66,857,406,2119,162072,877,937,841,21621
silvia,9,4.599339799999996,0,0,63,64,4829,1413,11733,21752,10740,7611,11548,24925
silvia,9,6.553733000000008,0,0,41,63,7345,2704,4981,5040,7786,10380,6433,15374
silvia,9,7.570741600000005,0,0,75,66,5736,7491,1565,21513,17720,4985,8330,10099
silvia,9,8.594395800000001,0,0,83,63,5522,3205,3620,5347,5808,2455,12573,2717
silvia,9,9.610552499999997,0,0,94,67,1128,849,5005,208251,4687,9941,6456,18326
