person,questionCode,timediff,signalLevel,blinkStrength,attention,meditation,lowGamma,highGamma,highAlpha, delta,highBeta,lowAlpha,lowBeta, theta
javier_test,1,6.282762,25,0,0,0,9065,38654,45238,1402525,17069,230776,50952,631570
javier_test,1,7.0927634999999984,0,0,0,0,2372,1307,11930,10104,8127,1919,7363,2220
javier_test,1,8.086941699999999,0,0,0,0,8650,3164,9466,27141,18185,6402,32075,24295
