person,questionCode,timediff,signalLevel,blinkStrength,attention,meditation,lowGamma,highGamma,highAlpha,delta,highBeta,lowAlpha,lowBeta,theta
javier_test,6,1.6365552999999977,0,0,54,50,3823,1801,7258,19224,7637,25889,15366,36465
javier_test,6,2.6468764000000036,0,0,26,44,4620,1886,6557,6819,1275,20589,4164,41623
javier_test,6,3.634467299999997,0,0,57,51,3328,950,5442,178758,12890,32701,10421,23033
javier_test,6,4.633566000000002,0,0,43,61,6745,4185,19517,40736,5775,5730,5206,15770
javier_test,6,5.639818699999999,0,0,44,47,924,203,1125,121791,2181,4713,2578,18398
javier_test,6,6.667515299999998,0,0,54,50,372,362,9359,75641,1992,16350,3576,28935
