person,questionCode,timediff,signalLevel,blinkStrength,attention,meditation,lowGamma,highGamma,highAlpha,delta,highBeta,lowAlpha,lowBeta,theta
javier_test,2,1.6724236999999995,0,0,57,40,2137,1801,24336,33159,7872,17612,9460,11110
javier_test,2,2.6583384999999993,0,0,63,70,3296,2123,19660,28514,5011,34545,6017,13035
javier_test,2,3.692852600000002,0,0,35,66,4440,2417,25955,92106,9169,6202,9230,74862
javier_test,2,4.716219299999999,0,0,17,77,919,284,3034,30227,2075,16815,8814,12379
javier_test,2,6.658673700000001,0,0,24,1,534,423,5385,179826,2100,2672,6145,21362
javier_test,2,7.6861614,0,0,29,8,847,672,848,36500,1399,4308,1177,7436
