person,questionCode,timediff,signalLevel,blinkStrength,attention,meditation,lowGamma,highGamma,highAlpha,delta,highBeta,lowAlpha,lowBeta,theta
javier_test,1,5.7431957,25,0,0,0,17489,33067,28917,614733,6028,132273,46120,469190
javier_test,1,7.5873289,0,0,0,0,7441,3085,19244,49710,13024,29743,6195,19502
javier_test,1,8.6014175,0,0,0,0,6093,4435,38826,237645,28990,26540,54246,89247
javier_test,1,9.632556000000001,0,0,30,47,3617,4548,8022,21932,6683,44288,14755,38266
javier_test,1,11.5865671,0,0,1,47,541,633,2631,106708,2869,15142,4173,41124
javier_test,1,12.5982299,0,0,21,40,9387,1891,5961,61141,5952,3054,10705,4455
