person,questionCode,timediff,signalLevel,blinkStrength,attention,meditation,lowGamma,highGamma,highAlpha,delta,highBeta,lowAlpha,lowBeta,theta
javier_test,4,1.2536515999999978,0,0,63,24,2748,1039,6890,14113,8358,4584,12107,7770
javier_test,4,2.2018895,0,0,70,26,3186,1271,13114,7269,8537,8620,9737,7117
javier_test,4,3.265273200000003,0,0,54,17,1926,1078,55491,25802,5940,16153,25026,121413
javier_test,4,4.206948500000003,0,0,67,26,2666,1384,13530,19111,5457,3783,8338,19177
javier_test,4,5.2392781,0,0,56,30,3924,1606,25726,150170,12850,6448,19537,25750
javier_test,4,6.185808299999998,0,0,23,8,801,450,2121,105757,1719,6900,8778,39483
javier_test,4,7.199198299999999,0,0,54,38,3111,1299,24745,20913,8715,14425,4156,2863
