person,questionCode,timediff,signalLevel,blinkStrength,attention,meditation,lowGamma,highGamma,highAlpha,delta,highBeta,lowAlpha,lowBeta,theta
javier_test,7,1.7956993999999895,0,0,67,26,2226,1281,11711,18254,5829,1476,7079,30649
javier_test,7,2.8134504999999876,0,0,67,26,8850,1846,8204,21427,17239,4851,16273,9965
javier_test,7,3.8450896999999884,0,0,56,16,1388,317,2193,132548,3857,4466,5782,20736
javier_test,7,4.822735899999998,0,0,57,35,3118,2754,24658,39521,18072,7785,9370,4443
javier_test,7,5.79850549999999,0,0,66,41,4284,2943,9112,87197,6377,4441,10211,10931
javier_test,7,6.828947599999992,0,0,47,51,2142,2011,16632,306829,11618,34708,4586,51097
javier_test,7,7.82351469999999,0,0,57,56,3504,1425,4570,3994,9494,4436,3957,13325
