person,questionCode,timediff,signalLevel,blinkStrength,attention,meditation,lowGamma,highGamma,highAlpha,delta,highBeta,lowAlpha,lowBeta,theta
javier_test,4,1.8653136000000003,0,0,16,51,3040,813,2554,12332,4127,6077,10646,4956
javier_test,4,2.875989599999997,0,0,10,57,2231,1924,22634,6827,8559,20042,9663,36754
javier_test,4,3.886881500000001,0,0,23,56,5253,1256,13591,36632,7794,18927,14110,34067
javier_test,4,4.902758300000002,0,0,17,67,1411,533,6829,68840,2592,8016,4626,33653
javier_test,4,6.8718132999999995,0,0,11,77,1928,1658,6778,42195,6757,10890,2942,7359
javier_test,4,7.873425500000003,0,0,11,83,4021,641,22078,101143,8590,27507,23268,29456
