person,questionCode,timediff,signalLevel,blinkStrength,attention,meditation,lowGamma,highGamma,highAlpha,delta,highBeta,lowAlpha,lowBeta,theta
javier_test,4,2.6509148000000025,0,0,51,38,39539,26884,51863,258683,43548,97264,68160,31921
javier_test,4,3.6762330999999975,0,0,54,30,10704,5774,53116,158967,30090,17261,51480,289212
javier_test,4,4.675589299999999,0,0,44,47,7284,1638,29559,70264,18223,17095,11257,56565
javier_test,4,5.656186400000003,0,0,40,70,3815,3011,4363,9056,11103,8101,11035,5249
javier_test,4,6.660008599999998,0,0,38,30,848,524,1470,72685,4833,2862,4336,22482
javier_test,4,7.662512999999997,0,0,51,50,5267,2055,7757,30104,16559,11864,10875,9459
