person,questionCode,timediff,signalLevel,blinkStrength,attention,meditation,lowGamma,highGamma,highAlpha,delta,highBeta,lowAlpha,lowBeta,theta
javier_test,5,1.6917481999999993,0,0,54,50,8172,3021,6518,5183,11708,17005,11382,22713
javier_test,5,2.709187699999994,0,0,57,90,5725,1226,11205,11016,18447,39796,5503,18409
javier_test,5,3.7056961999999984,0,0,50,77,6849,2173,4871,65465,21768,28081,11986,94202
javier_test,5,4.709191499999996,0,0,43,66,4441,3563,7207,80418,10810,6115,9027,22437
javier_test,5,5.7073819999999955,0,0,44,81,5904,3205,12855,23718,10882,14635,6770,4854
javier_test,5,8.688337399999995,0,0,26,90,3655,1760,11017,22498,10171,54732,15988,19048
