person,questionCode,timediff,signalLevel,blinkStrength,attention,meditation,lowGamma,highGamma,highAlpha,delta,highBeta,lowAlpha,lowBeta,theta
javier_test,1,7.920830100000001,25,0,0,0,15878,39009,73437,1388222,47054,187714,66139,738925
javier_test,1,8.764744999999998,0,0,0,0,3227,1925,14005,22966,11660,14088,21749,7736
javier_test,1,9.785200199999998,0,0,0,0,4131,1244,14016,12566,11009,11593,10727,19181
javier_test,1,10.7707692,0,0,0,0,5358,3060,20159,71410,20945,48939,33516,53010
javier_test,1,11.759375199999997,0,0,51,40,11743,3780,11107,12454,8582,4510,6816,10087
javier_test,1,12.765911199999998,0,0,34,21,4470,2765,28109,347862,13747,27014,13584,116374
javier_test,1,13.7633589,0,0,14,10,1443,753,8006,62781,3872,19406,8614,52066
javier_test,1,14.7643579,0,0,3,34,2921,2272,19869,21715,6018,34640,2063,26082
javier_test,1,15.762506599999998,0,0,13,20,3743,2554,3394,10441,14814,11889,5510,11416
