person,questionCode,timediff,signalLevel,blinkStrength,attention,meditation,lowGamma,highGamma,highAlpha,delta,highBeta,lowAlpha,lowBeta,theta
javier_test,7,1.3759702000000047,0,0,51,80,1949,556,4317,41266,7776,8326,3166,11347
javier_test,7,2.3768612000000005,0,0,74,67,3330,1585,4276,12484,15246,4807,1786,3369
javier_test,7,3.3749349000000066,0,0,77,74,2089,599,6021,2643,6679,20074,5204,6702
javier_test,7,4.374765700000005,0,0,70,84,2143,3457,9478,5979,4365,32769,10856,9742
javier_test,7,5.375203800000001,0,0,70,93,3655,1225,9494,3814,7931,8319,2560,7777
javier_test,7,6.3734842,0,0,57,100,2980,1431,9287,2331,5512,2937,1499,4265
javier_test,7,7.375087799999996,0,0,44,100,2331,2210,32370,68517,5003,28414,29394,29894
javier_test,7,9.369763200000001,0,0,43,66,917,336,7919,287263,2985,5886,8703,42396
