person,questionCode,timediff,signalLevel,blinkStrength,attention,meditation,lowGamma,highGamma,highAlpha,delta,highBeta,lowAlpha,lowBeta,theta
javier_test,5,1.4063011000000003,0,0,56,47,4312,1873,5160,2566,4865,4107,4497,10357
javier_test,5,2.4050814000000003,0,0,41,51,2955,2591,870,13950,11167,12164,7014,15023
javier_test,5,3.405509000000002,0,0,43,60,3397,1908,4220,4613,6751,11927,3046,5891
javier_test,5,4.402080400000003,0,0,63,50,1947,4536,7355,2549,6281,1316,5513,10981
javier_test,5,5.399584599999997,0,0,41,60,1608,3113,25198,79182,5744,63241,22223,64819
javier_test,5,6.3980988,0,0,29,69,738,538,3459,107199,1833,3732,2407,7996
javier_test,5,7.397688299999999,0,0,41,60,3767,1371,1478,4403,11869,8630,3276,3199
javier_test,5,8.405827600000002,0,0,38,77,1620,2707,12027,76252,9409,20724,13053,7296
