person,questionCode,timediff,signalLevel,blinkStrength,attention,meditation,lowGamma,highGamma,highAlpha,delta,highBeta,lowAlpha,lowBeta,theta
javier_test,3,1.2785587000000014,0,0,50,100,3617,1705,25389,18788,8564,27774,3107,15196
javier_test,3,2.276624899999998,0,0,61,94,2830,1408,7337,10532,7000,4766,3487,8485
javier_test,3,3.307616399999997,0,0,51,94,1824,1511,5572,8097,5866,22142,8249,10707
javier_test,3,4.276504399999997,0,0,43,91,1346,267,9590,466283,5667,27626,10841,35902
javier_test,3,5.272040700000002,0,0,50,63,5220,3810,5495,9078,5262,5131,8379,17171
javier_test,3,6.271329099999999,0,0,43,51,2673,3443,10299,75426,15661,12650,15325,57337
javier_test,3,7.264745399999999,0,0,50,43,1934,1489,5424,28253,7238,14040,11663,11647
