person,questionCode,timediff,signalLevel,blinkStrength,attention,meditation,lowGamma,highGamma,highAlpha,delta,highBeta,lowAlpha,lowBeta,theta
javier_test,4,2.1265286000000003,0,0,93,80,1213,599,2460,56578,5264,1739,3368,1368
javier_test,4,3.1069922000000005,0,0,93,70,2373,2588,5959,8438,6240,8281,15471,10578
javier_test,4,4.118180000000002,0,0,75,69,1896,923,10553,10574,8511,8267,2626,19363
javier_test,4,5.1534467000000035,0,0,66,41,1497,488,3247,123275,2902,8500,9167,24645
javier_test,4,6.1178229,0,0,30,35,1498,551,10987,254055,4235,10762,8166,59868
javier_test,4,7.118897800000006,0,0,48,27,3723,789,2007,37458,8550,1983,4809,1871
javier_test,4,8.122934800000003,0,0,48,26,4927,2448,5254,4786,8039,10064,5288,13043
