person,questionCode,timediff,signalLevel,blinkStrength,attention,meditation,lowGamma,highGamma,highAlpha,delta,highBeta,lowAlpha,lowBeta,theta
silvia,32,4.576497599999982,54,0,0,0,0,0,0,0,0,0,0,0
silvia,32,5.448190099999977,54,0,0,0,0,0,0,0,0,0,0,0
silvia,32,6.444270300000028,200,0,0,0,0,0,0,4,0,0,0,1
silvia,32,7.442828300000031,200,0,0,0,2,486,1,175,3,5,1,8
silvia,32,8.438976400000001,200,0,0,0,326,94491,446,3676,712,556,1096,1177
silvia,32,9.441646900000023,200,0,0,0,1066,18463,25392,79119,6054,23580,6053,61519
silvia,32,10.443144599999982,200,0,0,0,313,35553,3252,44407,1834,8211,1127,22186
silvia,32,11.421222699999987,200,0,0,0,190,7914,1454,385208,1646,848,588,21754
