person,questionCode,timediff,signalLevel,blinkStrength,attention,meditation,lowGamma,highGamma,highAlpha,delta,highBeta,lowAlpha,lowBeta,theta
silvia,28,4.1732523000000015,25,0,0,0,0,0,0,0,0,0,0,0
silvia,28,4.744893699999977,25,0,0,0,33637,31885,31900,1091042,7099,267127,65003,267497
silvia,28,5.763357799999994,0,0,0,0,1575,1105,4954,392870,3055,8189,2524,37406
silvia,28,6.797108400000013,0,0,0,0,6251,3242,9343,124062,42807,9670,27357,62414
silvia,28,7.725852700000019,0,0,0,0,2635,1774,4526,462314,9164,5463,4998,189876
silvia,28,8.740729999999985,0,0,44,41,13810,8048,12093,976428,36632,10223,15446,137037
silvia,28,9.757093199999986,0,0,41,61,6915,411,4453,58330,4248,14454,1835,38308
silvia,28,10.774631400000032,0,0,35,74,2656,1229,6251,244594,3071,6522,1778,43277
silvia,28,11.746216800000013,0,0,41,93,21739,5109,14767,103510,16448,14081,4382,42754
