person,questionCode,timediff,signalLevel,blinkStrength,attention,meditation,lowGamma,highGamma,highAlpha,delta,highBeta,lowAlpha,lowBeta,theta
silvia,20,4.7164492,25,0,0,0,7214,15286,12642,237853,6737,63545,10516,104083
silvia,20,5.5681758999999715,0,0,0,0,4412,2067,19615,1008072,17539,22753,35219,82569

silvia,20,6.491862199999957,0,0,0,0,6380,12427,102944,1511862,15544,24783,17716,122423
silvia,20,7.507518500000003,0,0,0,0,5727,11573,61588,256255,13749,9133,16469,53430
silvia,20,8.539762399999972,0,0,30,41,14382,17931,52041,648835,10456,55055,33303,178054
silvia,20,9.579954599999951,0,0,47,44,27964,10935,13445,27817,8022,9753,6011,33630
silvia,20,10.511789599999986,0,0,66,40,2344,2198,6806,84866,5439,2249,1650,19268
silvia,20,11.51827639999999,0,0,84,27,23587,10083,11740,14360,20471,18353,14864,86056
