person,questionCode,timediff,signalLevel,blinkStrength,attention,meditation,lowGamma,highGamma,highAlpha,delta,highBeta,lowAlpha,lowBeta,theta
silvia,46,4.861957200000006,25,0,0,0,34896,41270,31319,1517999,20466,103629,38295,708137
silvia,46,5.73350419999997,0,0,0,0,47680,10327,8936,47068,15713,14725,20934,68732
silvia,46,7.684753099999966,0,0,0,0,2236,1067,3163,171664,2701,8000,3783,64618
silvia,46,8.736820100000045,0,0,40,30,8916,1302,2963,654089,9890,10403,9838,134464
silvia,46,9.730903000000012,0,0,63,44,2789,3430,1551,7158,6423,5331,3155,7645
silvia,46,11.676499100000001,0,0,93,74,14957,8088,30653,231940,20496,12950,5829,46492
silvia,46,12.697923400000036,0,0,100,81,12290,12900,7213,12246,8581,4405,8275,61630
