person,questionCode,timediff,signalLevel,blinkStrength,attention,meditation,lowGamma,highGamma,highAlpha,delta,highBeta,lowAlpha,lowBeta,theta
silvia,34,23.628267099999903,25,0,0,0,4991,3859,18752,279263,5785,17704,7395,63295
silvia,34,24.423117599999955,0,0,0,0,7437,2938,1548,60662,10656,28489,12976,17725
silvia,34,25.44823980000001,0,0,0,0,6466,7909,57878,1103768,10852,22504,21786,33934
silvia,34,26.465127399999915,0,0,0,0,16426,4093,8650,210644,28494,24319,25505,123400
silvia,34,27.48024609999993,0,0,30,40,8138,6483,80393,2551292,28691,95017,41599,362897
silvia,34,28.424056999999948,0,0,35,37,1994,1909,12432,322701,8752,13092,15571,50238
silvia,34,29.45705579999992,0,0,24,35,23929,3588,76527,2088653,24779,84231,25156,380218
silvia,34,30.44895939999992,0,0,11,43,9351,3859,35406,1541656,7134,42981,20946,93246
silvia,34,31.480622999999923,0,0,21,54,11494,6970,4915,55790,5533,27024,8038,21497
