person,questionCode,timediff,signalLevel,blinkStrength,attention,meditation,lowGamma,highGamma,highAlpha,delta,highBeta,lowAlpha,lowBeta,theta
silvia,5,4.593142599999993,25,0,0,0,18572,4235,93685,653981,90179,87954,54361,275137
silvia,5,4.731833800000004,51,0,0,0,7087,13678,111490,1016259,31039,56259,68876,248367
silvia,5,5.588895199999996,51,0,0,0,5407,3069,12100,559118,31123,15423,14572,10458
silvia,5,6.581526400000001,51,0,0,0,18742,16131,65664,1023536,67295,66572,142214,316957
silvia,5,7.515406600000006,25,0,0,0,252,151,2332,24459,843,3402,1535,10215
silvia,5,8.517569699999996,25,0,0,0,1035,509,4870,280978,2571,9248,6100,7452
silvia,5,9.541343699999999,25,0,0,0,2986,11134,15279,82757,8376,7273,11821,69645
silvia,5,10.563545199999993,25,0,0,0,54,33,221,119,101,207,164,194
