person,questionCode,timediff,signalLevel,blinkStrength,attention,meditation,lowGamma,highGamma,highAlpha,delta,highBeta,lowAlpha,lowBeta,theta
silvia,24,4.57737689999999,25,0,0,0,56855,59918,45529,500114,22294,320841,74554,866010
silvia,24,5.4468939000000205,0,0,0,0,23380,5646,13787,1158790,17347,14174,15786,191805
silvia,24,7.420324699999981,0,0,0,0,9891,5672,40984,480566,9813,15045,19346,93069
silvia,24,8.408843600000012,0,0,47,47,18217,4413,18916,75614,12582,16969,17643,33388
silvia,24,9.458449200000018,0,0,57,54,4893,1140,5113,42422,4656,4223,1144,12695
silvia,24,10.459489899999994,0,0,67,61,7997,3987,6151,4564,9535,18147,8124,24708
silvia,24,11.408343699999989,0,0,90,63,25659,9613,9383,4530,9750,1401,13072,10640
silvia,24,12.414240699999993,0,0,100,57,16939,4295,9910,12664,39124,6140,8233,1451
