person,questionCode,timediff,signalLevel,blinkStrength,attention,meditation,lowGamma,highGamma,highAlpha,delta,highBeta,lowAlpha,lowBeta,theta
silvia,39,8.56732009999996,25,0,0,0,19705,27749,74649,504632,10178,175611,72868,303973
silvia,39,9.303400399999987,0,0,0,0,30724,8040,25867,104724,8830,25469,8200,79984
silvia,39,11.25971579999998,0,0,0,0,16789,16352,16249,90250,17225,33959,11000,21543
silvia,39,12.274460200000021,0,0,53,43,6262,4999,14178,21491,17930,3106,10116,19660
silvia,39,13.31649600000003,0,0,77,40,11122,7596,5825,5710,23552,2961,10022,11264
silvia,39,15.279900999999995,0,0,100,27,10459,4348,2262,3452,39963,5087,11169,9526
