person,questionCode,timediff,signalLevel,blinkStrength,attention,meditation,lowGamma,highGamma,highAlpha,delta,highBeta,lowAlpha,lowBeta,theta
silvia,1,6.315462399999998,51,0,0,0,181254,79299,253076,341132,204817,558841,133797,882471
silvia,1,7.0335982,51,0,0,0,29886,15042,8987,464541,50935,9252,13634,77762
silvia,1,8.041959299999998,51,0,0,0,3166,17621,7235,592235,18046,16957,20662,9308
silvia,1,9.070995700000001,51,0,0,0,30544,22040,13622,199003,46089,12977,61092,107012
silvia,1,11.017315,51,0,0,0,8874,4298,33848,1069792,33984,153283,45285,247205
silvia,1,12.0360749,0,0,0,0,1151,3816,2719,35293,3070,1727,1739,15403
silvia,1,13.0518897,0,0,0,0,1044,4158,2515,67618,3157,7604,4204,31177
