person,questionCode,timediff,signalLevel,blinkStrength,attention,meditation,lowGamma,highGamma,highAlpha,delta,highBeta,lowAlpha,lowBeta,theta
silvia,32,4.91500910000002,25,0,0,0,22502,32544,32218,606160,16085,69050,29015,486797
silvia,32,5.749562800000035,0,0,0,0,26776,4159,8118,7426,13121,5837,17291,5637
silvia,32,6.784079099999985,0,0,0,0,5113,3242,24713,341128,9963,18033,20754,213340
silvia,32,7.901530000000093,0,0,0,0,5117,4039,43460,36210,18437,23684,11296,40937
silvia,32,8.824277400000028,0,0,38,30,3532,867,3191,477794,3830,4465,3721,29579
silvia,32,9.762790500000051,0,0,43,29,1388,2571,8884,480286,12698,10632,9109,45352
silvia,32,10.761752400000091,0,0,64,16,11839,8400,3668,10136,41086,3529,6828,13037
silvia,32,11.795795300000009,0,0,63,34,24360,2155,13317,5264,3292,10475,5133,9800
