person,questionCode,timediff,signalLevel,blinkStrength,attention,meditation,lowGamma,highGamma,highAlpha,delta,highBeta,lowAlpha,lowBeta,theta
silvia,4,5.178863899999996,51,0,0,0,8538,6046,22698,562241,28926,10054,44693,31011
silvia,4,5.988100099999997,51,0,0,0,14766,7294,32836,201679,23304,14236,34673,15516
silvia,4,6.9235769999999945,51,0,0,0,24131,17974,60200,648194,43352,29308,50029,92622
silvia,4,7.939637300000001,51,0,0,0,152389,30701,181864,951442,233515,73023,398143,1032513
silvia,4,8.988976499999993,78,0,0,0,7407,6561,151,611725,7176,424,3303,142638
silvia,4,9.990695500000001,25,0,0,0,0,0,0,0,0,0,0,0
silvia,4,11.935661600000003,25,0,0,0,22815,59857,75859,801292,36356,98967,28799,1114320

silvia,4,12.954262999999997,25,0,0,0,424,214,1922,281018,1615,5332,1663,43640
