person,questionCode,timediff,signalLevel,blinkStrength,attention,meditation,lowGamma,highGamma,highAlpha,delta,highBeta,lowAlpha,lowBeta,theta
silvia,31,4.642312199999992,25,0,0,0,36600,37313,59128,305818,22478,173316,55231,288633
silvia,31,5.560025899999971,0,0,0,0,27782,4506,1835,5545,22835,2175,1883,13631
silvia,31,6.448100599999975,0,0,0,0,2145,4078,13267,1654915,11530,18222,7961,162108
silvia,31,7.468179200000009,0,0,0,0,15680,2450,42097,96649,10171,11442,6758,18936
silvia,31,8.491039699999988,0,0,35,43,9676,4125,20289,137296,19537,49634,11891,104976
silvia,31,10.464164100000005,0,0,50,54,6667,3464,7335,16530,21019,3700,5443,17117
silvia,31,11.469766300000003,0,0,63,50,5034,2998,2029,14293,16652,2545,5322,6914
silvia,31,12.502978199999973,0,0,61,51,9874,2952,36540,17056,9486,15691,16342,54718
