person,questionCode,timediff,signalLevel,blinkStrength,attention,meditation,lowGamma,highGamma,highAlpha,delta,highBeta,lowAlpha,lowBeta,theta
silvia,33,8.290312299999982,25,0,0,0,0,0,0,1,0,0,0,0
silvia,33,8.39171849999991,25,0,0,0,21760,38563,41581,673841,15441,88581,18720,303707
silvia,33,9.14086169999996,0,0,0,0,21296,2565,1617,3372,18051,5072,2797,19493
silvia,33,10.158723699999996,0,0,0,0,12768,1582,19687,2553216,12903,1434,9042,120933
silvia,33,11.083841099999972,0,0,0,0,7932,2980,10446,5881,23487,2838,2687,17580
silvia,33,12.096807099999978,0,0,38,54,2107,446,8776,325069,6491,3367,3118,23815
silvia,33,13.137002999999936,0,0,41,69,13747,3409,9927,35470,11639,5633,14437,26320
silvia,33,14.138550599999917,0,0,37,80,10934,2309,1890,96982,1921,3185,3290,11454
silvia,33,16.09080999999992,0,0,38,77,31167,4427,2656,15147,11498,2592,8799,14321
