person,questionCode,timediff,signalLevel,blinkStrength,attention,meditation,lowGamma,highGamma,highAlpha,delta,highBeta,lowAlpha,lowBeta,theta
silvia,38,4.669683000000077,25,0,0,0,29259,20527,72008,420924,24988,97855,24104,359243
silvia,38,5.554507600000079,0,0,0,0,19842,8195,15609,58300,22693,13042,12440,61613
silvia,38,6.585030400000051,0,0,0,0,6914,2702,43828,2454239,16607,49957,21823,45951
silvia,38,7.598905200000104,0,0,0,0,4919,5102,7843,25974,17975,8456,7413,35207
silvia,38,9.550120200000038,0,0,48,48,5070,809,4758,68411,8937,9999,1265,15746
silvia,38,10.572828100000038,0,0,70,41,23568,3575,2126,24269,27230,19587,21031,21265
silvia,38,11.592714500000056,0,0,94,41,27173,7404,6121,8383,21148,11498,8798,9210
