person,questionCode,timediff,signalLevel,blinkStrength,attention,meditation,lowGamma,highGamma,highAlpha,delta,highBeta,lowAlpha,lowBeta,theta
silvia,37,4.787901199999965,25,0,0,0,0,0,0,0,0,0,0,0
silvia,37,4.915128799999934,25,0,0,0,33858,51267,66903,1025967,56260,225376,59555,849425
silvia,37,5.7488713999999845,0,0,0,0,5202,1089,2196,226978,4297,8737,2139,62619
silvia,37,6.765646899999979,0,0,0,0,8822,4061,20017,436156,21759,56378,10017,67239
silvia,37,7.791623500000014,0,0,0,0,7558,3260,112797,286564,17142,84086,26558,96458
silvia,37,8.710155199999917,0,0,53,35,2745,1291,2344,74811,6301,1820,5735,10000
silvia,37,9.772617200000013,0,0,69,27,12696,5207,4290,12451,11451,1546,4559,13205
silvia,37,10.760249399999907,0,0,87,27,12667,2004,5545,33237,10156,2127,4061,8019
silvia,37,11.778333399999951,0,0,90,35,37932,6840,26522,14019,10407,6708,16550,20360
