person,questionCode,timediff,signalLevel,blinkStrength,attention,meditation,lowGamma,highGamma,highAlpha,delta,highBeta,lowAlpha,lowBeta,theta
silvia,48,4.84502109999994,25,0,0,0,15850,15515,18421,107448,4038,73270,9287,173000
silvia,48,6.655352099999959,0,0,0,0,10582,7290,26209,1669726,17967,44079,16807,591074
silvia,48,7.6909147000000075,0,0,0,0,10463,6858,29668,220384,15513,171993,14566,50349
silvia,48,8.694070799999963,0,0,43,34,2877,2663,1844,144865,2783,1164,5229,11705
silvia,48,9.725960999999984,0,0,57,29,6638,10947,4352,15448,26479,8759,12966,7590
silvia,48,10.673907699999972,0,0,69,35,24679,8599,9323,15406,35002,41798,10589,18715
silvia,48,11.66513939999993,0,0,67,29,5898,6592,10602,167739,8499,8746,20926,88173
silvia,48,12.70472159999997,0,0,63,37,1631,1114,1343,419565,1745,6793,1705,14713
