person,questionCode,timediff,signalLevel,blinkStrength,attention,meditation,lowGamma,highGamma,highAlpha,delta,highBeta,lowAlpha,lowBeta,theta
silvia,40,4.882049499999994,25,0,0,0,31428,42777,57989,954331,22396,105731,50907,721283
silvia,40,6.6761856000000535,0,0,0,0,2806,476,1588,172516,1868,3521,2340,61237
silvia,40,7.703338600000052,0,0,0,0,6780,4667,36586,48747,14285,17733,8757,81765
silvia,40,8.727665000000002,0,0,35,43,1075,336,2089,288338,873,1887,2868,15034
silvia,40,9.718163100000083,0,0,51,48,20533,10466,10905,20648,15738,650,11715,13596
silvia,40,10.685416000000032,0,0,67,63,23195,6005,8790,12986,18226,8786,7620,4778
silvia,40,11.700489000000061,0,0,74,78,16320,7199,17744,120879,9946,14911,13943,32984
silvia,40,12.71723600000007,0,0,91,90,20734,4502,16599,30607,17911,5532,3611,13872
