person,questionCode,timediff,signalLevel,blinkStrength,attention,meditation,lowGamma,highGamma,highAlpha,delta,highBeta,lowAlpha,lowBeta,theta
silvia,30,4.9487345000000005,25,0,0,0,35485,55343,95729,1294197,23898,214959,42904,1104644
silvia,30,5.781617899999958,0,0,0,0,5934,4717,16721,20940,14660,45391,10879,55994
silvia,30,6.76809209999999,0,0,0,0,13074,5188,13549,453383,14497,8287,9310,95786
silvia,30,7.802412199999992,0,0,0,0,5001,4558,152971,25405,16630,10795,16721,86208
silvia,30,8.824465299999986,0,0,53,47,4171,1220,3511,89075,3701,5233,2391,6055
silvia,30,9.843282499999987,0,0,77,34,11450,3828,3346,36477,15036,1416,7083,28367
silvia,30,10.7799847,0,0,100,29,10027,3389,1999,4883,8935,5896,8414,13177
silvia,30,11.795274099999972,0,0,100,29,1721,673,5678,281100,7090,3019,3794,11170
silvia,30,12.8147965,0,0,100,16,17132,2627,3901,35884,10140,4287,16387,6939
