person,questionCode,timediff,signalLevel,blinkStrength,attention,meditation,lowGamma,highGamma,highAlpha,delta,highBeta,lowAlpha,lowBeta,theta
silvia,25,4.605211300000008,25,0,0,0,29397,50827,51232,1326230,28297,143574,37419,869183
silvia,25,5.418348700000024,0,0,0,0,3572,803,3048,59563,2456,6165,3308,20718
silvia,25,6.437126800000044,0,0,0,0,17148,3356,6153,1045290,10963,37611,33954,39271
silvia,25,7.454044900000042,0,0,0,0,16925,9324,17066,651507,18513,49759,33376,102780
silvia,25,8.408174000000031,0,0,30,30,8235,10974,10455,252720,15663,29403,11027,198613
silvia,25,9.41282369999999,0,0,54,40,8174,3624,11198,14785,20929,4952,5648,12117
silvia,25,10.429893700000036,0,0,77,50,10443,4643,12800,4735,19113,3722,8965,13678
silvia,25,11.447398700000008,0,0,94,66,4520,4462,9200,6866,9926,2246,5169,5060
