person,questionCode,timediff,signalLevel,blinkStrength,attention,meditation,lowGamma,highGamma,highAlpha,delta,highBeta,lowAlpha,lowBeta,theta
silvia,8,4.77071029999999,25,0,0,0,3503,15097,16382,695371,4253,47600,15750,249696
silvia,8,5.615497000000005,0,0,0,0,2165,1521,4377,469581,1456,17795,3891,16456
silvia,8,6.570293800000002,0,0,0,0,23066,22567,20173,2756072,17076,19044,28088,316114
silvia,8,7.578366599999981,0,0,0,0,619,1544,3796,131518,2407,6969,3213,19104
silvia,8,8.593298500000003,0,0,47,47,6172,4882,45282,803329,10567,27526,18494,94518
silvia,8,9.611547099999996,0,0,61,40,3303,5807,1717,43650,3262,4956,18020,32202
silvia,8,10.652347300000002,0,0,80,30,1649,4944,7726,145835,6252,905,28069,59036
silvia,8,11.561654799999985,0,0,66,30,1497,6157,10758,2437035,5779,31263,6944,153428
