person,questionCode,timediff,signalLevel,blinkStrength,attention,meditation,lowGamma,highGamma,highAlpha,delta,highBeta,lowAlpha,lowBeta,theta
silvia,9,4.798556500000018,25,0,0,0,137674,44674,89338,496602,22396,97230,38752,268129
silvia,9,5.648789700000009,0,0,0,0,14278,5099,11262,74034,11218,9323,3153,10011
silvia,9,7.589888800000011,0,0,0,0,9722,5844,42110,397194,24719,27234,31644,211379
silvia,9,8.644953799999996,0,0,35,41,3030,1581,10213,1606569,6402,4123,9098,49816
silvia,9,9.640639399999998,0,0,41,41,1892,579,2977,40033,3612,222,3338,12744
silvia,9,11.605984699999993,0,0,63,67,23365,6379,2067,82521,18237,31264,8495,29652
silvia,9,12.606396899999993,0,0,84,67,36204,17068,6524,29862,12921,2975,6834,16765
