person,questionCode,timediff,signalLevel,blinkStrength,attention,meditation,lowGamma,highGamma,highAlpha,delta,highBeta,lowAlpha,lowBeta,theta
silvia,18,4.7181679999999915,25,0,0,0,31900,47755,53919,1538312,66647,261275,105644,1726504
silvia,18,5.561882299999979,0,0,0,0,20113,11743,7929,9305,34351,1015,7677,7797
silvia,18,6.554496099999994,0,0,0,0,3259,1139,12700,307528,5609,25682,8712,40542
silvia,18,7.586415699999975,0,0,0,0,3903,1484,6407,194543,10334,20020,5199,33404
silvia,18,8.603511799999978,0,0,30,30,2616,4776,6646,249447,9342,13356,11859,105900
silvia,18,10.542686300000014,0,0,17,44,5342,1348,7994,2060677,3913,12506,6793,60717
silvia,18,11.564636699999994,0,0,17,34,14986,10687,9502,1085783,26355,4978,12351,85977
silvia,18,12.617713400000014,0,0,17,34,8654,3793,12180,1711297,10315,11822,4349,136535
