person,questionCode,timediff,signalLevel,blinkStrength,attention,meditation,lowGamma,highGamma,highAlpha,delta,highBeta,lowAlpha,lowBeta,theta
silvia,29,4.529196600000034,25,0,0,0,8949,12816,19708,1894336,11847,95925,20109,748424
silvia,29,5.431870100000026,0,0,0,0,22206,11285,64822,586287,60834,8308,20531,252504
silvia,29,6.379270599999984,0,0,0,0,26926,11065,3175,976700,30349,35548,45026,247169

silvia,29,7.38748320000002,0,0,0,0,35908,9406,132403,1260069,22409,136275,100032,229582

silvia,29,8.4029898,26,0,0,0,7715,24343,7251,409242,4331,11217,9054,81394
silvia,29,9.441269900000009,0,0,30,30,4658,2981,20851,267337,11824,10562,5881,226736
silvia,29,11.452196000000015,0,0,48,23,47881,18947,9260,35472,21973,2821,34439,29995
