person,questionCode,timediff,signalLevel,blinkStrength,attention,meditation,lowGamma,highGamma,highAlpha,delta,highBeta,lowAlpha,lowBeta,theta
silvia,22,4.4803274000000215,25,0,0,0,0,0,0,0,0,0,0,0
silvia,22,4.621069700000021,25,0,0,0,99282,54232,52851,1241943,63098,222087,55236,840870
silvia,22,5.447772100000009,0,0,0,0,33210,12923,23859,73266,13295,29750,12117,113359
silvia,22,6.482612399999994,0,0,0,0,14316,11594,17994,951129,9603,24294,23410,265895
silvia,22,8.42367489999998,25,0,0,0,6945,2633,27234,1966558,44796,43771,54067,267081
silvia,22,9.44307200000003,25,0,0,0,110,32,231,5836,233,860,242,2575
silvia,22,10.47795960000002,25,0,0,0,1650,1422,15677,727800,4034,16931,6922,16736
silvia,22,11.429991400000006,25,0,0,0,0,0,0,26,1,0,0,1
silvia,22,12.407085100000018,25,0,0,0,424,286,436,10224,300,348,195,2354
