person,questionCode,timediff,signalLevel,blinkStrength,attention,meditation,lowGamma,highGamma,highAlpha,delta,highBeta,lowAlpha,lowBeta,theta
silvia,31,4.526083900000003,25,0,0,0,0,0,1,2,0,0,0,0
silvia,31,4.663081599999998,25,0,0,0,57989,46526,37282,1373220,36097,160658,22956,822388
silvia,31,5.545157500000016,0,0,0,0,7911,10668,23476,804509,30747,12454,30572,107791
silvia,31,6.566966200000024,51,0,0,0,1922,1352,5103,286740,5630,10919,4208,10917
silvia,31,8.511389500000007,25,0,0,0,5726,1820,55378,1805286,12548,25285,2443,53789
silvia,31,9.508821100000034,25,0,0,0,17712,10607,7993,317016,6324,51491,19084,253873
silvia,31,10.543358600000033,0,0,0,0,122909,36206,188858,3180423,39958,30035,118226,1143645
silvia,31,11.543747900000028,0,0,0,0,10393,7505,17800,1583061,12292,25797,4093,390084
