person,questionCode,timediff,signalLevel,blinkStrength,attention,meditation,lowGamma,highGamma,highAlpha,delta,highBeta,lowAlpha,lowBeta,theta
javier_test,10,1.3178290999999973,0,0,64,81,3284,2301,17842,8099,6049,4367,1634,8062
javier_test,10,2.2500313999999975,0,0,61,69,5528,2486,3182,172119,6871,11570,9203,75343
javier_test,10,3.2634513,0,0,50,77,3044,1497,4381,13849,5116,6338,1185,13634
javier_test,10,4.485732999999996,0,0,47,57,1411,1396,2238,124058,2439,1548,1944,9778
javier_test,10,5.300088299999999,0,0,57,44,3225,1486,4891,17081,7921,3869,2443,7265
javier_test,10,6.277249299999994,0,0,51,61,2017,438,3335,111160,3413,23806,5240,44570
javier_test,10,7.2603909999999985,0,0,44,53,2454,2980,3114,12816,3738,8106,9110,20847
javier_test,10,8.27157489999999,0,0,47,61,4698,550,15286,179082,12713,9781,5190,35165
javier_test,10,9.289834200000001,0,0,27,77,3668,1609,9994,28519,3371,10155,2343,7454
