person,questionCode,timediff,signalLevel,blinkStrength,attention,meditation,lowGamma,highGamma,highAlpha,delta,highBeta,lowAlpha,lowBeta,theta
silvia,13,2.0019020999999952,0,0,61,57,7332,2387,4090,35251,4412,7430,14163,11048
silvia,13,2.9387860999999873,0,0,47,66,3958,471,1961,217131,2780,2642,3515,5455
silvia,13,3.9415844999999763,0,0,43,78,1678,761,13156,569352,4376,21028,8004,33887
silvia,13,4.979513699999984,0,0,51,87,1171,950,2005,42587,2731,5626,3047,4257
silvia,13,6.942559099999983,26,0,41,78,2052,1011,20274,3484709,6169,26908,9667,114856
silvia,13,7.95263989999998,0,0,41,83,5631,5017,2965,10221,5342,11455,13947,5372
silvia,13,8.987676199999981,0,0,43,67,7031,1805,6905,265355,5124,5795,4249,61995
silvia,13,10.005005399999988,0,0,21,57,2538,756,10666,125339,1866,9300,4301,67301
