person,questionCode,timediff,signalLevel,blinkStrength,attention,meditation,lowGamma,highGamma,highAlpha,delta,highBeta,lowAlpha,lowBeta,theta
silvia,16,1.0159395999999958,0,0,38,48,12965,11125,28393,1313668,18541,17752,30683,94853
silvia,16,2.0347486000000004,0,0,57,70,17620,15038,12955,16917,34846,19136,6721,3848
silvia,16,2.9742345999999884,0,0,70,74,10591,5519,8850,6928,11278,13188,9651,16537
silvia,16,3.9863689999999963,0,0,78,83,16453,13503,17107,114531,20476,18303,17558,24301
silvia,16,5.008935699999995,0,0,66,74,15752,8075,17224,78705,9657,10410,33823,215158
