person,questionCode,timediff,signalLevel,blinkStrength,attention,meditation,lowGamma,highGamma,highAlpha,delta,highBeta,lowAlpha,lowBeta,theta
silvia,15,0.052844700000008515,0,0,51,51,15248,10092,8332,98707,13239,2390,21852,8938
silvia,15,0.07251160000001278,0,0,60,54,11573,15644,6694,9065,17770,14474,8791,25911
silvia,15,0.08524130000000696,0,0,63,63,7007,1173,9997,93832,9215,8360,9792,15763
silvia,15,0.09917999999998983,0,0,64,70,6498,8197,7998,590497,4037,17562,11425,49494
silvia,15,0.11224379999998746,0,0,54,61,7733,21775,5717,98110,59904,22144,27982,271545
silvia,15,0.12836949999999092,0,0,53,44,6794,3660,1779,48512,13063,2948,11620,34344
silvia,15,0.3333178000000032,0,0,44,40,5344,4187,17085,90658,11278,12666,16758,78174
silvia,15,1.3772064999999998,0,0,51,41,28001,7505,7956,40958,28219,76094,9361,148735
silvia,15,3.303667399999995,0,0,34,56,7215,984,2194,71437,4242,18007,3759,38084
