person,questionCode,timediff,signalLevel,blinkStrength,attention,meditation,lowGamma,highGamma,highAlpha,delta,highBeta,lowAlpha,lowBeta,theta
javier_test,4,1.621909500000001,0,0,51,78,1565,2488,5016,13869,6988,57172,10215,47852
javier_test,4,2.642699400000005,0,0,54,64,4907,2707,17168,35159,8765,6216,23001,11499
javier_test,4,3.662052700000004,0,0,50,53,827,498,803,341843,1272,1133,7804,67556
javier_test,4,4.664406400000004,0,0,51,48,2178,3383,2080,16023,6058,8429,15286,16841
javier_test,4,5.610295200000003,0,0,54,48,2956,958,14739,3021,4069,11213,6675,20677
javier_test,4,6.641533100000004,0,0,41,43,495,705,4050,199627,2521,10149,2828,47270
javier_test,4,7.650881600000005,0,0,57,75,2656,1004,4896,3799,5243,9441,7184,11178
