person,questionCode,timediff,signalLevel,blinkStrength,attention,meditation,lowGamma,highGamma,highAlpha,delta,highBeta,lowAlpha,lowBeta,theta
javier_test,8,1.9807123999999874,0,0,57,100,1825,2172,23786,22063,5879,23451,8734,12159
javier_test,8,2.9691588999999965,0,0,60,100,1618,1063,10853,5640,5085,9667,9410,5218
javier_test,8,3.9979986999999966,0,0,60,100,6419,1195,4125,34533,7780,13609,1985,17819
javier_test,8,5.012582099999989,0,0,57,100,2522,1895,9796,218280,6157,52984,10011,56022
javier_test,8,6.020354099999992,0,0,56,90,897,464,4963,238177,1920,3962,9545,17727
javier_test,8,6.977310499999987,0,0,53,80,1383,1424,2238,74240,3885,11008,8168,24516
javier_test,8,7.996122999999997,0,0,51,81,5873,1543,13491,221962,10680,19906,8946,21754
javier_test,8,9.021670199999988,0,0,60,88,3913,2423,17023,5158,8587,23916,6830,6991
