person,questionCode,timediff,signalLevel,blinkStrength,attention,meditation,lowGamma,highGamma,highAlpha,delta,highBeta,lowAlpha,lowBeta,theta
javier_test,3,1.0492352999999994,0,0,63,81,3104,2200,9961,21805,4156,30788,9387,17446
javier_test,3,2.039648299999996,0,0,57,81,1570,1448,32069,7565,8444,12101,10761,35931
javier_test,3,3.0582457000000005,0,0,61,81,1544,3246,7123,8144,8937,15258,11411,20651
javier_test,3,4.011397000000002,0,0,60,87,3206,2084,8302,131088,4947,15171,6040,22026
javier_test,3,5.0141366000000005,0,0,56,70,8976,2382,21672,3266722,15840,83915,12516,253388
javier_test,3,6.0264162,0,0,48,56,991,239,2973,165959,1805,7945,5423,46463
javier_test,3,7.054818599999997,0,0,47,69,3900,2101,19379,21327,5256,12104,4637,9430
javier_test,3,8.085649400000001,0,0,40,53,2756,1527,12947,155086,12035,31334,35718,218778
