person,questionCode,timediff,signalLevel,blinkStrength,attention,meditation,lowGamma,highGamma,highAlpha,delta,highBeta,lowAlpha,lowBeta,theta
javier_test,7,0.9206822000000017,0,0,44,96,1256,1524,17319,5640,5813,13618,6367,6285
javier_test,7,1.942407099999997,0,0,48,94,3286,1499,24442,15070,4262,8859,19240,50312
javier_test,7,2.9282173,0,0,57,93,8614,1383,15835,11682,12868,7042,12816,19545
javier_test,7,3.991022700000002,0,0,64,94,1006,706,2007,125449,3990,12564,1184,11512
javier_test,7,4.9573958999999945,0,0,66,83,3275,1004,8920,24297,7736,4545,3020,19331
javier_test,7,5.927323099999995,0,0,75,87,2342,1919,7109,10377,5450,8896,3888,16062
javier_test,7,6.941356499999998,0,0,69,88,3916,1416,11692,4725,5456,3837,1620,19084
