person,questionCode,timediff,signalLevel,blinkStrength,attention,meditation,lowGamma,highGamma,highAlpha,delta,highBeta,lowAlpha,lowBeta,theta
javier_test,4,1.5187262999999973,0,0,21,47,5491,2911,2010,104493,17469,8104,6365,58421
javier_test,4,2.512112799999997,0,0,37,24,6146,2101,3145,34142,13385,3350,14658,59227
javier_test,4,3.512883600000009,0,0,26,44,1201,629,1922,129517,1969,5433,1331,5470
javier_test,4,4.542519200000001,0,0,37,48,6150,1863,51410,55342,14557,15315,38685,16792
javier_test,4,5.537381100000005,0,0,30,61,594,196,3379,116997,2423,2194,869,9431
javier_test,4,6.5252973999999995,0,0,26,78,3230,1421,16629,166710,12046,28570,39821,57327
