person,questionCode,timediff,signalLevel,blinkStrength,attention,meditation,lowGamma,highGamma,highAlpha,delta,highBeta,lowAlpha,lowBeta,theta
javier,29,1.4224404999999933,0,0,81,67,9856,2957,7541,9281,6505,5795,3004,11193
javier,29,2.3640967999999702,0,0,81,64,7683,7010,3728,4876,10092,11118,4624,8295
javier,29,3.376145500000007,0,0,83,60,5775,6466,5855,10367,12123,6548,14684,9000
javier,29,4.395129399999973,0,0,77,84,14608,2714,17118,70656,12965,15592,11953,10828
javier,29,5.433192299999973,0,0,88,83,8656,3480,10004,6591,21022,5553,2504,3465
javier,29,6.41934980000002,0,0,91,75,8362,3830,10571,3229,14833,976,3728,16197
javier,29,7.389070899999979,0,0,91,75,6239,3182,7411,5338,11263,4246,13461,7202
javier,29,8.40281699999997,0,0,96,53,12075,3955,5446,23559,21026,4373,6571,30596
