person,questionCode,timediff,signalLevel,blinkStrength,attention,meditation,lowGamma,highGamma,highAlpha,delta,highBeta,lowAlpha,lowBeta,theta
silvia,7,4.687709799999993,54,0,0,0,0,0,0,0,0,0,0,0
silvia,7,5.528501800000001,54,0,0,0,0,0,1,0,0,0,0,0
silvia,7,6.542510100000001,200,0,0,0,0,0,0,0,0,0,0,0
silvia,7,7.543104,200,0,0,0,0,1,0,7,0,0,0,1
silvia,7,8.543015099999991,200,0,0,0,0,0,0,4,1,0,1,1
silvia,7,9.537421199999997,200,0,0,0,47,3918,57,1144,80,2,69,66
silvia,7,10.536140899999992,200,0,0,0,1189,143256,465,1509,1092,1305,1308,860
silvia,7,11.539286500000003,200,0,0,0,4749,569064,111666,1800780,42606,45014,23037,393622
