person,questionCode,timediff,signalLevel,blinkStrength,attention,meditation,lowGamma,highGamma,highAlpha,delta,highBeta,lowAlpha,lowBeta,theta
silvia,8,4.576415699999998,51,0,0,0,102840,97601,626024,1411592,148872,734955,56305,249074
silvia,8,5.357350199999999,51,0,0,0,336105,188679,590668,952129,162522,577693,347177,514316
silvia,8,6.347059299999998,51,0,0,0,31229,14292,18376,226040,33405,85096,54851,156259
silvia,8,7.380890800000003,51,0,0,0,52431,60239,175906,934348,100921,152202,109540,285392
silvia,8,8.399183800000003,51,0,0,0,29757,12814,19660,820976,42528,157219,21128,355261
silvia,8,9.423517500000003,51,0,0,0,71933,35545,30582,259881,63568,15829,27979,63619
silvia,8,10.359823500000005,51,0,0,0,375653,177411,38819,1833514,397691,787611,321420,341480
silvia,8,11.379193299999997,51,0,0,0,92874,202906,206343,1492271,344756,107428,289837,531469
silvia,8,12.396428100000008,51,0,0,0,33082,14604,46031,858324,67767,20912,12696,132762
