person,questionCode,timediff,signalLevel,blinkStrength,attention,meditation,lowGamma,highGamma,highAlpha,delta,highBeta,lowAlpha,lowBeta,theta
silvia,11,4.811934500000007,25,0,0,0,36144,59467,65116,1439340,41239,261438,93368,960529
silvia,11,5.718050099999999,0,0,0,0,22131,4061,3734,34731,13260,5249,18270,31481
silvia,11,6.663052100000016,51,0,0,0,3762,423,1354,49412,1885,3264,1228,7903
silvia,11,7.649649000000011,51,0,0,0,22633,14256,79102,642741,11442,50732,25359,218681
silvia,11,8.677401700000019,51,0,0,0,67779,11193,389833,1858057,75357,343095,102510,429274
silvia,11,9.710664300000019,25,0,0,0,12,10,189,1654,53,286,115,1051
silvia,11,11.666646600000007,0,0,0,0,21142,15023,68784,1622042,33958,141640,44992,378508
silvia,11,12.682317699999999,0,0,37,48,11244,5634,55577,73384,14159,62397,12746,287169
