person,questionCode,timediff,signalLevel,blinkStrength,attention,meditation,lowGamma,highGamma,highAlpha,delta,highBeta,lowAlpha,lowBeta,theta
javier_test,5,1.3209673999999936,0,0,69,37,1444,1424,2795,28505,27329,53504,19281,141560
javier_test,5,2.337202099999999,0,0,53,35,4814,3961,23895,397594,10384,59548,15532,140875
javier_test,5,4.2969911,0,0,51,66,1822,1809,19508,197678,20480,1981,14218,28800
javier_test,5,5.297941099999996,0,0,50,67,20587,2951,116207,458051,65274,89027,115101,328052
javier_test,5,6.3537251999999995,0,0,51,54,3458,3038,25978,419766,11630,18835,19180,181572
javier_test,5,8.283935399999997,0,0,13,24,1119,266,7886,133122,2559,16331,3703,69423
javier_test,5,9.295075499999996,0,0,16,26,2647,2371,2826,13276,3787,8168,3861,17441
