person,questionCode,timediff,signalLevel,blinkStrength,attention,meditation,lowGamma,highGamma,highAlpha,delta,highBeta,lowAlpha,lowBeta,theta
javier_test,10,1.084835400000003,0,0,66,63,3647,5768,20230,69349,20177,49540,17147,42275
javier_test,10,2.0043222999999983,0,0,60,66,1153,598,9185,1320917,5072,19589,6800,35218
javier_test,10,3.0247255999999965,0,0,61,87,1481,2025,20080,7400,6498,20074,15149,1452
javier_test,10,4.0525892,0,0,56,96,926,435,14630,404636,7113,19790,20527,36943
javier_test,10,5.070940399999998,0,0,50,93,5576,2328,9245,52578,4678,16123,3522,27746
javier_test,10,5.996583200000003,0,0,44,93,2506,260,11516,57305,1308,3300,2225,17639
javier_test,10,7.014904099999995,0,0,48,81,3447,2697,2523,10911,5799,12833,7996,10094
javier_test,10,8.053511299999997,0,0,40,74,565,457,3412,138295,2070,11723,5292,44154
javier_test,10,9.055655000000002,0,0,48,70,1610,2685,7072,5539,4589,4322,6869,6630
