person,questionCode,timediff,signalLevel,blinkStrength,attention,meditation,lowGamma,highGamma,highAlpha,delta,highBeta,lowAlpha,lowBeta,theta
javier_test,4,1.045987199999999,0,0,53,50,2899,2757,3642,26752,2372,19221,2612,14495
javier_test,4,2.053916000000001,0,0,54,84,2146,2784,16506,33706,5104,8824,5011,9041
javier_test,4,3.0860343000000015,0,0,30,81,529,664,7067,102811,3813,23418,4573,99044

javier_test,4,5.0254990999999976,0,0,26,35,7324,3568,11126,247630,38258,2988,35979,55533
javier_test,4,6.044653099999998,0,0,24,29,983,355,4624,269929,3698,11956,3588,13108
javier_test,4,7.0991736,0,0,35,35,7442,4641,42164,1488361,33763,110677,8441,395258
javier_test,4,8.100005799999998,0,0,57,47,1490,402,1533,40229,3281,6042,1457,9176
javier_test,4,9.053276400000001,0,0,53,51,3215,1607,2075,8394,6533,1539,3437,13497
