person,questionCode,timediff,signalLevel,blinkStrength,attention,meditation,lowGamma,highGamma,highAlpha,delta,highBeta,lowAlpha,lowBeta,theta
javier_test,8,1.8036808000000093,0,0,74,66,3120,1673,2957,31074,8747,7143,9390,10925
javier_test,8,2.7864186999999987,0,0,77,63,5475,2758,12353,27403,13254,2722,9765,12922
javier_test,8,3.8014057999999977,0,0,87,67,2957,2299,5070,12464,6633,5696,21427,4267
javier_test,8,4.8095361000000025,0,0,84,40,4627,2290,11992,86057,17526,852,10313,91907
javier_test,8,5.7968039000000005,0,0,88,41,3473,2231,4618,32543,23545,11529,7310,18098
javier_test,8,7.818467800000008,0,0,61,37,638,792,4007,45146,6553,12417,2262,22732
javier_test,8,8.811305500000003,0,0,77,50,3389,1612,2214,14534,19423,8408,7729,17419
