person,questionCode,timediff,signalLevel,blinkStrength,attention,meditation,lowGamma,highGamma,highAlpha,delta,highBeta,lowAlpha,lowBeta,theta
javier_test,3,1.7405386000000043,0,0,60,90,2814,2568,19892,62000,7587,21592,19155,30382
javier_test,3,2.739217100000001,0,0,44,66,3795,3121,3914,89465,15132,5107,17039,37139
javier_test,3,4.730699599999998,0,0,63,26,8531,8347,4207,20909,9190,1375,14829,18459
javier_test,3,6.746731100000002,0,0,53,38,997,1163,1495,17661,2112,6996,3325,16172
javier_test,3,7.744710399999999,0,0,48,37,752,542,3724,55321,4822,3668,2210,11621
