person,questionCode,timediff,signalLevel,blinkStrength,attention,meditation,lowGamma,highGamma,highAlpha,delta,highBeta,lowAlpha,lowBeta,theta
javier_test,1,5.9870828,25,0,0,0,1,0,0,12,0,0,0,3
javier_test,1,6.8304887999999995,25,0,0,0,27035,45393,35003,1258520,27139,131564,59287,1044303
javier_test,1,7.832788299999999,0,0,0,0,4803,6252,3462,20887,6917,5542,10133,9871
javier_test,1,8.862786499999999,0,0,0,0,7694,1605,7472,11605,6887,2747,8415,5871
javier_test,1,9.8250734,0,0,0,0,7928,3748,11004,27655,21379,20406,13219,10171
javier_test,1,11.8229842,0,0,34,56,10087,3950,12734,33497,11786,18519,7687,20958
javier_test,1,12.8502541,0,0,17,54,8760,2948,40420,30660,7932,20260,51175,82393
javier_test,1,13.850097899999998,0,0,3,43,1605,490,5998,145679,3086,6908,4663,39127
