person,questionCode,timediff,signalLevel,blinkStrength,attention,meditation,lowGamma,highGamma,highAlpha,delta,highBeta,lowAlpha,lowBeta,theta
silvia,24,4.680166899999961,25,0,0,0,53112,35668,90188,1142233,30690,118596,25436,474716
silvia,24,5.538734099999999,0,0,0,0,32472,6594,28334,137317,31649,37632,35215,117805
silvia,24,6.554999899999984,0,0,0,0,1384,1051,2411,107769,1868,4448,799,8441
silvia,24,7.590689999999995,0,0,0,0,10647,3569,9996,1352227,14701,25665,5304,49358
silvia,24,8.525168199999996,0,0,30,30,42590,16567,77564,1874036,30827,58710,90024,450547
silvia,24,9.531817699999976,0,0,16,16,4305,1742,6324,1046100,6083,16939,4397,108124
silvia,24,10.543989299999964,0,0,16,1,4710,5046,1492,929278,6196,7064,7990,62765
silvia,24,11.564665300000001,0,0,38,1,25688,16071,35629,576671,41153,15980,14744,117146
silvia,24,13.5349693,0,0,69,27,2903,4567,3501,94225,7807,12470,2219,51040
