person,questionCode,timediff,signalLevel,blinkStrength,attention,meditation,lowGamma,highGamma,highAlpha,delta,highBeta,lowAlpha,lowBeta,theta
silvia,39,4.76137140000003,25,0,0,0,10620,10518,24819,383652,7302,33584,20431,227087
silvia,39,5.690917499999955,0,0,0,0,14428,12538,22128,4814,27538,1491,8533,12981
silvia,39,6.541411400000015,0,0,0,0,20914,18551,9477,470657,25909,235820,34179,265542
silvia,39,7.574753399999963,0,0,0,0,1027,892,8696,722382,2338,5820,6096,31089
silvia,39,8.591667599999937,0,0,47,38,11195,3846,22265,29507,14611,3230,18455,16651
silvia,39,9.604740799999945,0,0,43,38,3661,2655,20590,338280,7330,6831,4989,42088
silvia,39,10.530001399999946,0,0,41,20,13386,3575,6795,735018,12658,27346,22216,96483
silvia,39,11.547940899999958,0,0,41,1,29465,5388,12794,435018,28537,20913,8107,160509
silvia,39,12.587684200000012,0,0,44,1,25050,6618,13581,33168,21165,2132,8715,28936
