person,questionCode,timediff,signalLevel,blinkStrength,attention,meditation,lowGamma,highGamma,highAlpha,delta,highBeta,lowAlpha,lowBeta,theta
silvia,44,5.549265999999989,25,0,0,0,0,0,1,17,0,0,0,1
silvia,44,5.648843800000009,25,0,0,0,8294,7720,13548,92378,6927,41058,10922,102338
silvia,44,6.462268399999971,0,0,0,0,20341,28270,9669,5283,25562,6667,19779,18836
silvia,44,7.483487200000013,0,0,0,0,30844,20922,45025,1492022,21544,254167,53412,412367
silvia,44,9.437983799999984,25,0,0,0,979,508,12933,1734537,2263,4789,4340,5862
silvia,44,10.45944750000001,0,0,30,30,1793,427,3891,101821,2228,8155,1269,63937
silvia,44,11.474321199999963,0,0,30,20,845,400,1410,115496,2059,1785,1806,21200
silvia,44,12.495360499999947,0,0,26,1,37356,7392,19556,565896,19854,7601,26660,346080
silvia,44,13.409896799999956,0,0,20,1,1988,1094,2885,188613,1582,4189,656,45482
