person,questionCode,timediff,signalLevel,blinkStrength,attention,meditation,lowGamma,highGamma,highAlpha,delta,highBeta,lowAlpha,lowBeta,theta
javier_test,1,19.0870287,25,0,0,0,17167,33413,107539,1134234,18267,142252,36740,642871
javier_test,1,20.9946414,0,0,0,0,4603,4843,16260,70386,15542,9371,15613,38516
javier_test,1,21.9805831,0,0,0,0,8933,4061,3034,3173,5292,4723,8818,5215
javier_test,1,22.976724299999997,0,0,40,51,2604,3766,16540,92924,13644,34443,17413,33790
javier_test,1,23.9830224,0,0,60,38,3531,4861,2336,7519,6995,863,5226,7822
javier_test,1,24.976994200000004,0,0,83,30,3393,1627,3514,4508,12606,1739,4095,4046
javier_test,1,25.9772966,0,0,80,21,840,604,2639,138928,5111,5319,5306,30404
