person,questionCode,timediff,signalLevel,blinkStrength,attention,meditation,lowGamma,highGamma,highAlpha,delta,highBeta,lowAlpha,lowBeta,theta
javier_test,4,1.6054774999999992,0,0,40,38,5139,2611,10889,16263,6987,29006,10728,49475
javier_test,4,2.6026190999999983,0,0,61,56,3714,865,4238,1784,11023,16007,3028,2750
javier_test,4,3.6001070999999953,0,0,64,88,8736,4113,8480,6406,8500,5731,7298,1586
javier_test,4,4.588318399999999,0,0,48,96,2015,2250,1604,174666,3467,21296,3899,17601
javier_test,4,6.585770199999999,0,0,47,84,5391,2172,4303,7395,6983,8429,7442,19797
javier_test,4,7.582774899999997,0,0,35,77,1571,672,2332,31879,3830,4989,1975,10414
