person,questionCode,timediff,signalLevel,blinkStrength,attention,meditation,lowGamma,highGamma,highAlpha,delta,highBeta,lowAlpha,lowBeta,theta
javier_test,2,1.0245728000000014,0,0,67,10,6234,4102,4794,40394,18175,7515,14862,19516
javier_test,2,2.023501500000002,0,0,53,27,8474,5499,1265,14154,7365,12910,8629,4414
javier_test,2,3.0504113000000004,0,0,69,51,7622,4129,11627,4761,15604,13703,3287,10883
javier_test,2,4.012013800000005,0,0,87,75,4832,2409,11047,41761,18673,25245,10860,7256
javier_test,2,5.037043100000005,0,0,84,84,1262,1586,2300,78790,2992,944,1491,2437
javier_test,2,6.0377168999999995,0,0,84,70,1581,620,3241,24260,4836,1531,1282,8225
javier_test,2,7.034718600000005,0,0,91,50,9545,3038,2528,3978,10626,2869,4449,8793
javier_test,2,8.032635599999999,0,0,100,34,3294,4148,4016,3668,9280,2891,3940,3570
