person,questionCode,timediff,signalLevel,blinkStrength,attention,meditation,lowGamma,highGamma,highAlpha,delta,highBeta,lowAlpha,lowBeta,theta
silvia,45,4.6313873000000285,25,0,0,0,46481,46167,129257,1849893,29467,106343,51604,988102
silvia,45,5.500667799999974,0,0,0,0,36166,10594,7627,218282,18564,4944,6646,38310
silvia,45,7.4557631999999785,0,0,0,0,10317,8406,75575,352814,16905,27226,9751,182240
silvia,45,8.478251600000021,0,0,43,40,2772,3596,11801,560246,8325,6593,6925,38533
silvia,45,9.479258000000073,0,0,50,29,8462,2917,6977,145327,8355,3973,18961,31422
silvia,45,10.51647360000004,0,0,38,26,15199,7208,24670,1007107,27104,90857,12599,431425
silvia,45,12.433287899999982,0,0,24,1,32120,8104,10967,319283,52566,28512,18732,340651
