person,questionCode,timediff,signalLevel,blinkStrength,attention,meditation,lowGamma,highGamma,highAlpha,delta,highBeta,lowAlpha,lowBeta,theta
silvia,42,4.576112999999964,25,0,0,0,9064,12801,29656,341493,9095,92767,12549,146103
silvia,42,5.442730799999936,0,0,0,0,17732,2590,3043,463031,17169,20307,18097,167280
silvia,42,7.417435699999942,51,0,0,0,1913,806,9393,853021,8556,19731,5262,20856
silvia,42,8.418860799999948,51,0,0,0,3404,1396,12199,988835,12742,13170,11690,17001
silvia,42,9.422906799999964,25,0,0,0,0,0,1,8,0,0,0,0
silvia,42,10.46867659999998,51,0,0,0,2181,1071,5020,1661616,13381,3331,13989,108208
silvia,42,11.388118599999984,25,0,0,0,6,0,1,12,7,1,7,8
silvia,42,12.405163000000016,0,0,0,0,2246,919,3677,185904,2616,11306,1018,142750
