person,questionCode,timediff,signalLevel,blinkStrength,attention,meditation,lowGamma,highGamma,highAlpha,delta,highBeta,lowAlpha,lowBeta,theta
silvia,2,4.841619399999999,25,0,0,0,15328,25251,35172,1109965,14621,117753,29850,757506
silvia,2,5.613637499999999,0,0,0,0,2416,2302,28241,190659,10674,20180,25634,78788
silvia,2,6.6032762,51,0,0,0,17349,22720,39560,54658,47527,49165,34871,48517
silvia,2,7.623980599999999,25,0,0,0,12852,7862,80135,1811611,30187,71863,110757,949840
silvia,2,8.655476,51,0,0,0,59469,57695,14619,352791,219397,36092,222501,95374
silvia,2,9.679103399999999,25,0,0,0,136,158,3514,504657,5121,1793,5986,8702
silvia,2,10.6113051,25,0,0,0,0,1,0,7,1,2,0,4
silvia,2,11.616897900000001,51,0,0,0,44929,25238,6188,683003,39084,8605,6571,109415
silvia,2,12.644954699999996,51,0,0,0,219781,59568,455437,1313190,472239,730960,739700,393292
