person,questionCode,timediff,signalLevel,blinkStrength,attention,meditation,lowGamma,highGamma,highAlpha,delta,highBeta,lowAlpha,lowBeta,theta
silvia,37,4.981790000000046,25,0,0,0,1956,1816,5984,96454,2561,15315,2115,10413
silvia,37,6.764473299999963,0,0,0,0,21420,15116,28487,1984457,14211,30137,7357,166272
silvia,37,7.808746799999994,0,0,0,0,3408,1273,10672,260046,3713,494,2176,23545
silvia,37,8.82248370000002,0,0,44,54,1055,1010,3634,76747,1686,5148,1292,9453
silvia,37,9.843636899999979,0,0,41,60,8233,2218,13857,1445503,7102,21441,3975,59227
silvia,37,11.806731099999979,0,0,38,29,1488,3055,3648,331731,9552,16546,4806,147278
silvia,37,12.821083000000044,0,0,21,10,2744,1437,11109,412704,6511,12828,6003,84929
