person,questionCode,timediff,signalLevel,blinkStrength,attention,meditation,lowGamma,highGamma,highAlpha,delta,highBeta,lowAlpha,lowBeta,theta
silvia,36,4.726748300000054,25,0,0,0,17216,27838,13713,698737,15652,105863,26520,446540
silvia,36,5.563793300000043,0,0,0,0,23265,9975,45985,549154,41612,30045,37323,73175
silvia,36,7.512766499999998,0,0,0,0,2094,2987,12050,436155,4428,7153,2091,56091
silvia,36,8.52985369999999,0,0,35,30,3749,2969,18863,1024513,6096,4242,14798,70130
silvia,36,9.55226140000002,0,0,26,27,15321,9038,133762,554712,44162,84108,53851,659375
silvia,36,10.499147999999991,0,0,14,17,13768,7071,37559,3081959,26454,104953,24636,559035
silvia,36,11.505330299999969,0,0,27,41,11573,7932,32709,36666,20113,5548,5379,25614
silvia,36,12.555413000000044,0,0,40,41,28299,6020,25369,246839,31267,22505,5491,152925
