person,questionCode,timediff,signalLevel,blinkStrength,attention,meditation,lowGamma,highGamma,highAlpha,delta,highBeta,lowAlpha,lowBeta,theta
silvia,40,4.677718600000048,25,0,0,0,11993,17131,21923,450296,12838,18584,20794,405676
silvia,40,5.5139378999999735,0,0,0,0,17292,4051,10796,8500,29738,7762,5422,21260
silvia,40,6.554996000000074,0,0,0,0,46539,12270,83835,253708,42150,248364,32638,653975
silvia,40,7.570934800000032,0,0,0,0,2123,652,3180,337900,3825,17516,4800,15857
silvia,40,9.530543800000032,0,0,34,37,6386,16548,6888,118387,15119,74848,11408,295691
silvia,40,10.540650200000073,0,0,29,21,13898,17781,37299,3519785,24889,41431,25877,231616
silvia,40,11.559817000000066,0,0,44,13,13588,15886,12006,2079,23600,4057,16910,4554
