person,questionCode,timediff,signalLevel,blinkStrength,attention,meditation,lowGamma,highGamma,highAlpha,delta,highBeta,lowAlpha,lowBeta,theta
silvia,39,1.1220977000000403,0,0,75,77,15522,8117,18456,12152,10176,8515,11748,15251
silvia,39,2.1412359000000265,0,0,64,90,8016,3368,41538,26676,9665,13486,10060,28069
silvia,39,3.159734300000025,0,0,57,67,1696,679,3427,87690,3086,1475,1953,72159
silvia,39,4.174839500000019,0,0,35,66,3632,1258,4223,155272,3480,15637,5039,53647
silvia,39,5.115316199999995,0,0,44,57,6066,4525,11414,10674,14353,4848,33810,4100
silvia,39,6.133161500000028,0,0,43,53,1868,684,8725,48716,3307,15071,12803,15946
silvia,39,7.151169799999991,0,0,63,77,7897,6069,10752,5449,7822,4628,11608,4316
