person,questionCode,timediff,signalLevel,blinkStrength,attention,meditation,lowGamma,highGamma,highAlpha,delta,highBeta,lowAlpha,lowBeta,theta
silvia,44,1.5272874000000343,0,0,69,63,5629,1547,7481,10340,4860,5274,15628,21818
silvia,44,3.4468593000000283,0,0,81,69,2344,5694,8948,4017,9459,1369,3753,6165
silvia,44,4.479477200000019,0,0,61,63,3009,755,11031,567378,4870,38111,4970,98820
silvia,44,5.498572000000024,0,0,67,70,3277,2341,10714,45911,7139,4586,4312,10721
silvia,44,6.438473700000031,0,0,51,69,6322,2627,39634,62211,15114,46860,13040,110152
silvia,44,7.445658400000013,0,0,40,66,3650,2406,11716,25811,12407,15912,6636,56112
silvia,44,8.4797102,0,0,43,57,1035,375,1059,190314,869,2276,1670,18269
silvia,44,9.486270700000034,0,0,40,54,3612,5265,7981,21359,7899,8739,5383,22213
silvia,44,10.449357700000007,0,0,50,66,2479,3079,16715,9859,5383,2490,2224,1316
