person,questionCode,timediff,signalLevel,blinkStrength,attention,meditation,lowGamma,highGamma,highAlpha,delta,highBeta,lowAlpha,lowBeta,theta
silvia,34,1.6341861999999878,0,0,61,97,2470,2060,937,38012,3282,16206,5466,21025
silvia,34,2.5610606999999845,0,0,41,83,9804,5045,10575,619878,7696,20378,10574,218162
silvia,34,3.577620799999977,0,0,51,78,6774,5115,7327,6388,16995,23384,16000,16331
silvia,34,4.596192599999995,0,0,40,74,706,229,3046,301401,1462,5434,3472,8772
silvia,34,5.619488799999999,0,0,44,67,15117,7666,13440,44834,10464,9858,3978,45983
silvia,34,6.5714040000000296,0,0,57,90,11656,9517,40479,73838,20279,47934,13869,32479
silvia,34,7.5772302999999965,0,0,60,88,10109,10656,6325,10115,6459,3293,7114,4744
