person,questionCode,timediff,signalLevel,blinkStrength,attention,meditation,lowGamma,highGamma,highAlpha,delta,highBeta,lowAlpha,lowBeta,theta
silvia,33,0.04465099999998756,0,0,93,90,6163,2867,12528,210504,12326,21850,15158,22297
silvia,33,0.24230219999998326,0,0,78,83,4419,2332,5673,78667,3672,2811,2211,19863
silvia,33,1.2640693999999826,0,0,75,87,9896,3444,21077,12607,19969,12891,1037,4818
silvia,33,2.2117119999999773,0,0,61,80,10729,3139,8937,472914,14329,29470,27330,172056
silvia,33,3.2197322999999756,0,0,48,74,7230,1280,20369,521514,4636,6061,8286,60048
silvia,33,4.238498199999981,0,0,44,70,4429,1758,2928,129035,3823,10656,4391,32963
silvia,33,5.253044299999999,0,0,38,66,6113,2122,10622,17140,6962,5526,1715,12830
silvia,33,6.207214099999987,0,0,51,78,16417,5196,19957,11032,9861,2146,14809,7515
silvia,33,7.281936099999996,0,0,57,88,1453,1749,5400,59676,3420,11928,3526,13188
