person,questionCode,timediff,signalLevel,blinkStrength,attention,meditation,lowGamma,highGamma,highAlpha,delta,highBeta,lowAlpha,lowBeta,theta
silvia,31,1.118093799999997,0,0,74,69,10719,9324,25070,19921,9740,2145,8394,17058
silvia,31,2.0547381999999743,0,0,57,78,2556,1157,9756,759618,2939,22938,3717,39575
silvia,31,3.065526900000009,0,0,56,90,5842,5156,7307,9021,8551,8119,9625,3092
silvia,31,4.098249899999985,0,0,53,91,2593,1691,8129,135850,4422,7795,5821,31149
silvia,31,5.05875309999999,0,0,67,78,27101,6056,8952,1687,42303,6105,15908,12107
silvia,31,6.061670300000003,0,0,80,63,3751,643,2442,66442,3466,1741,7259,16457
silvia,31,7.1013562999999635,0,0,74,69,13368,11347,30331,10824,9011,8471,6156,7696
silvia,31,8.103968000000009,0,0,91,75,10284,9990,23591,5710,33005,12385,6698,9518
