person,questionCode,timediff,signalLevel,blinkStrength,attention,meditation,lowGamma,highGamma,highAlpha,delta,highBeta,lowAlpha,lowBeta,theta
silvia,41,2.8831890000000158,0,0,74,53,4188,3866,16745,119924,14198,11874,5694,78149
silvia,41,3.870424500000013,0,0,66,67,4789,2655,6020,9031,6229,7221,3260,14923
silvia,41,4.916339800000003,0,0,64,60,3025,4393,3181,306735,3984,5735,7305,24452
silvia,41,6.853154800000027,0,0,43,69,834,652,7529,254095,3969,9808,7533,45341
silvia,41,7.869674299999986,0,0,50,69,10992,715,10741,7399,20284,12498,5943,17133
silvia,41,8.902025000000037,0,0,54,74,6807,1418,9457,7954,9207,5492,6331,24033
