person,questionCode,timediff,signalLevel,blinkStrength,attention,meditation,lowGamma,highGamma,highAlpha,delta,highBeta,lowAlpha,lowBeta,theta
silvia,25,1.7231206999999813,0,0,80,60,8722,7740,4295,112957,9335,11034,18086,36453
silvia,25,2.7397244,0,0,81,51,6492,8594,15344,17744,12990,7634,27278,11056
silvia,25,3.7708928999999785,0,0,54,60,505,271,1597,291727,3283,8309,2913,42678
silvia,25,4.788185199999987,0,0,47,66,3986,1981,4474,186389,2940,19201,16689,36482
silvia,25,5.729961599999996,0,0,48,78,3525,3847,11259,25965,9128,18936,10426,11971
silvia,25,6.732975299999993,0,0,41,87,788,1772,3097,111253,3598,10147,2550,6596
silvia,25,7.7615318,0,0,47,90,6774,3804,8323,224640,7260,13798,4471,54878
silvia,25,8.779960599999981,0,0,67,93,17015,5398,6557,61112,29488,26462,13103,18817
silvia,25,10.73952989999998,0,0,54,67,21035,20304,45829,623998,47554,48108,45168,741450
