person,questionCode,timediff,signalLevel,blinkStrength,attention,meditation,lowGamma,highGamma,highAlpha,delta,highBeta,lowAlpha,lowBeta,theta
silvia,29,1.5428756000000021,0,0,100,64,10056,11922,6203,11566,24125,3595,7065,15969
silvia,29,2.5889963000000193,0,0,100,63,1508,946,1332,59716,3464,2183,2729,2570
silvia,29,3.5931728000000476,0,0,84,56,3273,1474,5238,107768,5176,9198,6672,59558
silvia,29,4.514238800000044,0,0,87,60,7649,13445,3816,10228,15941,11558,10765,14692
silvia,29,5.530912300000011,0,0,75,70,14481,4314,60491,15477,20718,2485,40139,34617
silvia,29,6.57968470000003,0,0,61,63,10100,7736,13661,2297640,19293,16459,24106,131648
silvia,29,7.597602600000016,0,0,81,64,9395,3889,2133,3713,14346,6606,8297,10185
