person,questionCode,timediff,signalLevel,blinkStrength,attention,meditation,lowGamma,highGamma,highAlpha,delta,highBeta,lowAlpha,lowBeta,theta
silvia,35,1.314262900000017,0,0,83,88,11745,2462,10437,11931,14308,19434,9920,9126
silvia,35,2.3513327000000004,0,0,67,70,2299,1104,11808,154032,4007,18150,6108,122034
silvia,35,3.2739475999999854,0,0,60,75,8936,7756,22587,11616,6663,3515,8220,15848
silvia,35,4.296928000000037,0,0,35,67,2422,958,4665,115892,3767,8747,5263,96727
silvia,35,5.329702800000007,0,0,38,60,16123,6743,5741,39343,19085,9663,9778,20250
silvia,35,6.345301300000017,0,0,67,69,16201,6002,13905,15317,24088,7631,3108,6586
silvia,35,8.284713199999999,0,0,100,80,8610,1873,6410,20503,18221,11123,7220,8149
