person,questionCode,timediff,signalLevel,blinkStrength,attention,meditation,lowGamma,highGamma,highAlpha,delta,highBeta,lowAlpha,lowBeta,theta
silvia,22,1.6868493999999998,0,0,11,50,7192,6262,21148,1256853,7666,69244,5772,160604
silvia,22,2.707523199999997,0,0,11,67,36589,12222,50874,980967,20645,28054,26573,117633
silvia,22,3.742892999999981,0,0,11,74,879,1547,1519,290887,1330,3646,1953,19992
silvia,22,4.665033599999987,0,0,4,69,12921,2551,37205,996690,7669,48863,19018,252464
silvia,22,5.681372100000004,0,0,1,40,2617,1034,1991,134188,1299,804,2913,119363
silvia,22,6.694399500000003,0,0,1,30,32282,22660,64420,1358769,20139,23291,24959,435858
silvia,22,7.735467,0,0,3,41,22566,17619,22446,1093174,27754,69372,68923,62862
silvia,22,8.669966200000005,0,0,21,43,5379,2366,11700,323262,9841,14434,19374,39302
