person,questionCode,timediff,signalLevel,blinkStrength,attention,meditation,lowGamma,highGamma,highAlpha,delta,highBeta,lowAlpha,lowBeta,theta
silvia,19,0.04256789999999455,0,0,74,83,14550,9378,50264,1085959,83354,67106,44985,151843
silvia,19,0.05679320000001553,51,0,74,83,385,230,20369,1016847,6932,21481,5802,46071
silvia,19,0.0876355999999987,0,0,60,87,15385,4320,6327,48320,21910,29742,7204,11525
silvia,19,0.10075070000002029,0,0,53,80,3148,1386,2528,169614,7386,10342,6348,24786
silvia,19,2.9721071000000165,0,0,74,69,15310,7364,24545,212478,30814,37065,18537,100736
silvia,19,3.9908901999999955,0,0,74,81,6610,7576,24341,92941,13419,27598,18608,20122
silvia,19,5.044245500000017,0,0,60,84,5127,8427,24799,31403,17539,21705,6752,38958
