person,questionCode,timediff,signalLevel,blinkStrength,attention,meditation,lowGamma,highGamma,highAlpha,delta,highBeta,lowAlpha,lowBeta,theta
silvia,42,1.8259847999999579,0,0,93,75,9052,3570,2602,7091,15242,8079,2843,11631
silvia,42,2.867578499999979,0,0,91,70,6166,3612,3388,12394,8241,7759,10932,10995
silvia,42,3.8711218999999915,0,0,80,77,11068,3216,27213,111330,7127,24864,7035,56614
silvia,42,4.90196119999996,0,0,66,84,1911,2094,14278,11327,3890,11920,3819,14726
silvia,42,6.837895099999969,0,0,30,93,3260,7783,6291,13803,10282,21945,11662,7957
silvia,42,7.876685599999973,0,0,48,90,3767,5259,3606,6831,13519,18747,21892,8102
silvia,42,8.89421649999997,0,0,53,83,3960,2643,8242,136596,9406,24156,16973,22811
silvia,42,9.816873399999963,0,0,81,88,5813,1403,7935,14844,7459,1935,5462,5286
