person,questionCode,timediff,signalLevel,blinkStrength,attention,meditation,lowGamma,highGamma,highAlpha,delta,highBeta,lowAlpha,lowBeta,theta
silvia,23,1.943578400000007,0,0,47,66,23778,10237,30898,118852,13395,18220,14875,92676
silvia,23,2.9456347999999934,0,0,47,75,4102,5832,13493,62887,6316,12560,6910,6751
silvia,23,4.911595500000004,0,0,67,96,7635,11163,11328,5819,13001,18046,12088,10719
silvia,23,5.921779999999984,0,0,60,83,1544,502,3360,247709,2490,3564,10230,57091
silvia,23,6.960578099999992,0,0,48,80,1245,429,11940,130343,1926,12573,1928,22141
silvia,23,7.957205299999998,0,0,29,78,1638,1758,10545,93983,2879,11315,7066,38883
silvia,23,8.896349799999996,0,0,35,70,14235,23379,14575,376455,27902,9992,7683,20736
silvia,23,9.932066399999997,0,0,54,77,14306,5611,4996,223129,14645,6849,33430,25481
silvia,23,10.932623500000005,0,0,53,53,30028,13867,24785,1169523,30550,39178,43272,826228
