person,questionCode,timediff,signalLevel,blinkStrength,attention,meditation,lowGamma,highGamma,highAlpha,delta,highBeta,lowAlpha,lowBeta,theta
silvia,27,1.418213900000012,0,0,64,60,13105,6184,27541,201426,29647,26973,19407,230036
silvia,27,2.365855100000033,0,0,61,51,22625,11374,44339,234704,21810,14097,34030,286681
silvia,27,3.375202600000023,0,0,47,66,24091,6142,54293,294917,7447,37518,17194,49510
silvia,27,4.411118200000033,0,0,30,78,16740,5933,22857,112330,15450,87981,15225,67321
silvia,27,5.413792600000022,0,0,23,77,5214,1062,7839,276752,3249,3960,3148,60109
silvia,27,6.358802500000024,0,0,38,70,15763,7189,2229,4926,8487,2233,12121,23869
silvia,27,7.366144700000007,0,0,47,66,344,409,2090,70337,1871,4242,1082,5981
silvia,27,8.383278300000029,0,0,56,67,7704,6334,8755,13618,11562,24060,5614,10246
silvia,27,9.397171000000014,0,0,66,83,8499,6923,9077,3697,5486,14965,13016,8497
