person,questionCode,timediff,signalLevel,blinkStrength,attention,meditation,lowGamma,highGamma,highAlpha,delta,highBeta,lowAlpha,lowBeta,theta
silvia,46,1.7087859000000094,0,0,74,56,3768,2609,10713,17540,10139,5018,3756,7120
silvia,46,2.7114751999999953,0,0,67,64,603,513,3793,100146,1296,11995,1917,11819
silvia,46,3.698667499999999,0,0,74,75,1768,278,8315,187439,5441,2407,3901,17244
silvia,46,4.6925107999999796,0,0,44,78,3916,1666,68802,99999,10480,42657,14645,151579
silvia,46,5.737051500000007,0,0,41,75,1311,705,2259,38977,1722,1035,1796,2044
silvia,46,8.697851799999967,0,0,57,61,2206,3105,4716,6354,7436,2068,8818,5635
