person,questionCode,timediff,signalLevel,blinkStrength,attention,meditation,lowGamma,highGamma,highAlpha,delta,highBeta,lowAlpha,lowBeta,theta
silvia,21,2.247332799999981,0,0,8,54,7168,13148,39574,1314456,7577,12377,11210,38424
silvia,21,3.260672999999997,0,0,8,84,10770,2280,47349,1151798,10346,76084,12007,80204
silvia,21,4.27734049999998,0,0,10,90,2310,629,9900,55062,2206,6426,1534,27504
silvia,21,5.234105099999994,0,0,8,87,10104,7257,8213,1599277,10131,52431,11591,346063
silvia,21,6.236663899999996,0,0,1,78,11291,7482,13932,827684,8659,62316,8792,187080
silvia,21,7.274581299999994,0,0,3,63,3920,1593,1762,1339009,2807,8251,6807,24313
silvia,21,8.27576639999998,0,0,10,44,1694,999,701,248480,3067,1483,4288,23335
