person,questionCode,timediff,signalLevel,blinkStrength,attention,meditation,lowGamma,highGamma,highAlpha,delta,highBeta,lowAlpha,lowBeta,theta
silvia,37,1.7275630999999976,0,0,67,56,13290,3408,6880,8522,31986,10787,14115,25430
silvia,37,2.649047899999971,0,0,74,61,1945,4053,808,127823,5485,5187,4427,32957
silvia,37,3.663324399999965,0,0,60,70,10235,3112,92905,764240,8239,35612,21223,116557
silvia,37,4.698393500000009,0,0,61,67,1769,506,7543,50097,5534,4402,5837,8181
silvia,37,5.719355199999995,0,0,61,66,8349,6510,4241,6541,18443,4905,4249,16071
silvia,37,7.655381299999988,0,0,75,51,18607,5047,11551,199358,20051,18377,24577,283728
silvia,37,8.688292699999977,0,0,80,48,11598,7438,9365,35647,12742,6257,12882,10001
