person,questionCode,timediff,signalLevel,blinkStrength,attention,meditation,lowGamma,highGamma,highAlpha,delta,highBeta,lowAlpha,lowBeta,theta
silvia,8,1.820972800000007,0,0,51,77,6943,3092,7988,8257,8776,2564,5329,21698
silvia,8,2.773538000000002,0,0,37,77,3330,1857,29617,262628,4889,46112,12875,177251
silvia,8,3.7583841000000007,0,0,29,80,815,965,4960,53214,1385,1419,2030,29078
silvia,8,4.790751099999994,0,0,34,66,5550,2031,12334,29673,7098,3850,11835,14651
silvia,8,5.807971100000003,0,0,26,81,4139,6726,25320,29659,7869,15585,3918,13785
silvia,8,7.772630700000008,0,0,40,78,5986,3487,4926,28786,4587,7165,10695,43851
silvia,8,8.787977299999994,0,0,35,84,2915,831,7673,253783,5385,17695,6598,16345
