person,questionCode,timediff,signalLevel,blinkStrength,attention,meditation,lowGamma,highGamma,highAlpha,delta,highBeta,lowAlpha,lowBeta,theta
silvia,4,1.0090445000000017,0,0,93,81,4077,2080,24937,58924,11523,17725,14282,48008
silvia,4,2.0263762000000014,0,0,100,88,1657,798,5721,27659,3348,3223,4687,17885
silvia,4,3.9873771999999974,0,0,56,77,9244,6423,87137,274468,12783,102459,55396,386558
silvia,4,5.0019767,0,0,56,70,4702,1205,15688,464414,7631,6253,8658,43429
silvia,4,6.018599899999998,0,0,44,75,20794,3877,73950,1713450,13677,6747,12923,146804
silvia,4,7.036641299999999,0,0,51,88,27132,9195,78812,493134,30735,97301,48465,366329
silvia,4,7.9883146999999965,0,0,83,97,21793,6131,11487,428006,14812,76524,8616,22273
silvia,4,8.998501599999997,0,0,54,78,18723,42188,11957,621181,27447,63737,26594,1171242
